"/gatling","/"
"/gatling/tutorials","/tutorials/"
"/gatling/tutorials/installation","/reference/install/oss/"
"/gatling/tutorials/quickstart","/tutorials/recorder/"
"/gatling/tutorials/advanced","/tutorials/advanced/"
"/gatling/reference/current","/reference/"
"/gatling/reference/current/whats_new","/release-notes/oss/whats-new/"
"/gatling/reference/current/whats_new/3.0","/release-notes/oss/whats-new/3.0/"
"/gatling/reference/current/whats_new/3.1","/release-notes/oss/whats-new/3.1/"
"/gatling/reference/current/whats_new/3.2","/release-notes/oss/whats-new/3.2/"
"/gatling/reference/current/whats_new/3.3","/release-notes/oss/whats-new/3.3/"
"/gatling/reference/current/whats_new/3.4","/release-notes/oss/whats-new/3.4/"
"/gatling/reference/current/whats_new/3.5","/release-notes/oss/whats-new/3.5/"
"/gatling/reference/current/whats_new/3.6","/release-notes/oss/whats-new/3.6/"
"/gatling/reference/current/whats_new/3.7","/release-notes/oss/whats-new/3.7/"
"/gatling/reference/current/whats_new/3.8","/release-notes/oss/whats-new/3.8/"
"/gatling/reference/current/whats_new/3.9","/release-notes/oss/whats-new/3.9/"
"/gatling/reference/current/whats_new/3.10","/release-notes/oss/whats-new/3.10/"
"/gatling/reference/current/core","/reference/script/core/"
"/gatling/reference/current/core/concepts","/reference/glossary/"
"/gatling/reference/current/core/simulation","/reference/script/core/simulation/"
"/gatling/reference/current/core/injection","/reference/script/core/injection/"
"/gatling/reference/current/core/scenario","/reference/script/core/scenario/"
"/gatling/reference/current/core/session","/reference/script/core/session/"
"/gatling/reference/current/core/session/session_api","/reference/script/core/session/api/"
"/gatling/reference/current/core/session/el","/reference/script/core/session/el/"
"/gatling/reference/current/core/session/function","/reference/script/core/session/functions/"
"/gatling/reference/current/core/session/feeder","/reference/script/core/session/feeders/"
"/gatling/reference/current/core/session//validation","/reference/script/core/session/validation/"
"/gatling/reference/current/core/check","/reference/script/core/checks/"
"/gatling/reference/current/core/assertions","/reference/script/core/assertions/"
"/gatling/reference/current/core/configuration","/reference/script/core/configuration/"
"/gatling/reference/current/core/operations","/reference/script/core/operations/"
"/gatling/reference/current/stats","/reference/stats/"
"/gatling/reference/current/stats/timings","/reference/stats/timings/"
"/gatling/reference/current/stats/reports","/reference/stats/oss/"
"/gatling/reference/current/http","/reference/script/protocols/http/"
"/gatling/reference/current/http/protocol","/reference/script/protocols/http/protocol/"
"/gatling/reference/current/http/request","/reference/script/protocols/http/request/"
"/gatling/reference/current/http/check","/reference/script/protocols/http/checks/"
"/gatling/reference/current/http/tls","/reference/script/protocols/http/tls/"
"/gatling/reference/current/http/helpers","/reference/script/protocols/http/helpers/"
"/gatling/reference/current/http/recorder","/reference/script/protocols/http/recorder/"
"/gatling/reference/current/http/polling","/reference/script/protocols/http/polling/"
"/gatling/reference/current/http/websocket","/reference/script/protocols/websocket/"
"/gatling/reference/current/http/sse","/reference/script/protocols/sse/"
"/gatling/reference/current/grpc","/reference/script/protocols/grpc/"
"/gatling/reference/current/grpc/setup","/reference/script/protocols/setup/"
"/gatling/reference/current/grpc/protocol","/reference/script/protocols/grpc/protocol/"
"/gatling/reference/current/grpc/methods","/reference/script/protocols/grpc/methods/"
"/gatling/reference/current/grpc/messages","/reference/script/protocols/grpc/messages/"
"/gatling/reference/current/grpc/checks","/reference/script/protocols/grpc/checks/"
"/gatling/reference/current/jms","/reference/script/protocols/jms/"
"/gatling/reference/current/mqtt","/reference/script/protocols/mqtt/"
"/gatling/reference/current/extensions","/reference/extensions/"
"/gatling/reference/current/extensions/maven_plugin","/reference/extensions/build-tools/maven-plugin/"
"/gatling/reference/current/extensions/gradle_plugin","/reference/extensions/build-tools/gradle-plugin/"
"/gatling/reference/current/extensions/sbt_plugin","/reference/extensions/build-tools/sbt-plugin/"
"/gatling/reference/current/extensions/jenkins_plugin","/reference/extensions/ci-cd/jenkins/oss/"
"/gatling/reference/current/extensions/bamboo_plugin","/reference/extensions/ci-cd/bamboo/"
"/gatling/reference/current/extensions/teamcity_plugin","/reference/extensions/ci-cd/teamcity/"
"/gatling/reference/current/extensions/functional_specs","/guides/functional-specs/"
"/gatling/reference/current/extensions/third_parties","/reference/extensions/third-parties/"

"/gatling/reference/current/upgrading","/release-notes/oss/upgrading/"
"/gatling/reference/current/upgrading/3.9-to-3.10","/release-notes/oss/upgrading/3.9-to-3.10/"
"/gatling/reference/current/upgrading/3.8-to-3.9","/release-notes/oss/upgrading/3.8-to-3.9/"
"/gatling/reference/current/upgrading/3.7-to-3.8","/release-notes/oss/upgrading/3.7-to-3.8/"
"/gatling/reference/current/upgrading/3.6-to-3.7","/release-notes/oss/upgrading/3.6-to-3.7/"
"/gatling/reference/current/upgrading/3.4-to-3.5","/release-notes/oss/upgrading/3.4-to-3.5/"
"/gatling/reference/current/upgrading/3.3-to-3.4","/release-notes/oss/upgrading/3.3-to-3.4/"
"/gatling/reference/current/upgrading/2.3-to-3.0","/release-notes/oss/upgrading/2.3-to-3.0/"
"/gatling/reference/current/project","/project/"
"/gatling/reference/current/project/contributors","/project/contributors/"
"/gatling/reference/current/project/faq","/tutorials/faq/"
"/gatling/reference/current/project/issue_tracking","/project/issue-tracking/"
"/gatling/reference/current/project/licenses","/project/licenses/"
"/gatling/reference/current/project/licenses/project-licenses","/project/licenses/project-licenses/"
"/gatling/reference/current/project/licenses/highcharts","/project/licenses/highcharts/"
"/gatling/reference/current/project/licenses/enterprise-component","/project/licenses/enterprise-component/"
"/gatling/guides","/guides/"
"/gatling/guides/debugging","/guides/debugging/"
"/gatling/guides/passing_parameters","/guides/passing-parameters/"
"/gatling/guides/grouping_feeder","/guides/grouping-feeder/"
"/gatling/guides/scaling_out","404"
"/gatling/guides/realtime_monitoring","404"
"/gatling/guides/dynatrace","/guides/dynatrace/"
"/enterprise/self-hosted","/"
"/enterprise/self-hosted/reference/current","/reference/execute/self-hosted/"
"/enterprise/self-hosted/reference/current/installation","/reference/install/self-hosted/"
"/enterprise/self-hosted/reference/current/installation/introduction","/reference/install/self-hosted/introduction/"
"/enterprise/self-hosted/reference/current/installation/manual","/reference/install/self-hosted/manual/"
"/enterprise/self-hosted/reference/current/installation/marketplaces","/reference/install/self-hosted/marketplaces/"
"/enterprise/self-hosted/reference/current/installation/ansible","/reference/install/self-hosted/ansible/"
"/enterprise/self-hosted/reference/current/installation/docker","/reference/install/self-hosted/docker/"
"/enterprise/self-hosted/reference/current/installation/kubernetes","/reference/install/self-hosted/kubernetes/"
"/enterprise/self-hosted/reference/current/installation/configuration","/reference/install/self-hosted/configuration/"
"/enterprise/self-hosted/reference/current/installation/injectors","/reference/install/self-hosted/deploying-injectors/"
"/enterprise/self-hosted/reference/current/user","/reference/execute/self-hosted/user/"
"/enterprise/self-hosted/reference/current/user/login","/reference/execute/self-hosted/user/login/"
"/enterprise/self-hosted/reference/current/user/overview","/reference/execute/self-hosted/user/overview/"
"/enterprise/self-hosted/reference/current/user/profile","/reference/execute/self-hosted/user/profile/"
"/enterprise/self-hosted/reference/current/user/binary","/reference/execute/self-hosted/user/binary/"
"/enterprise/self-hosted/reference/current/user/repositories","/reference/execute/self-hosted/user/repositories/"
"/enterprise/self-hosted/reference/current/user/simulations","/reference/execute/self-hosted/user/simulations/"
"/enterprise/self-hosted/reference/current/user/trends","/reference/stats/trends/self-hosted/"
"/enterprise/self-hosted/reference/current/user/reports","/reference/stats/reports/self-hosted/"
"/enterprise/self-hosted/reference/current/user/api","/reference/execute/self-hosted/user/api/"
"/enterprise/self-hosted/reference/current/user/about","/reference/execute/self-hosted/user/about/"
"/enterprise/self-hosted/reference/current/user/help","/reference/execute/self-hosted/user/help/"
"/enterprise/self-hosted/reference/current/admin","/reference/execute/self-hosted/admin/"
"/enterprise/self-hosted/reference/current/admin/users","/reference/execute/self-hosted/admin/users/"
"/enterprise/self-hosted/reference/current/admin/teams","/reference/execute/self-hosted/admin/teams/"
"/enterprise/self-hosted/reference/current/admin/api-tokens","/reference/execute/self-hosted/admin/api-tokens/"
"/enterprise/self-hosted/reference/current/admin/private-keys","/reference/execute/self-hosted/admin/private-keys/"
"/enterprise/self-hosted/reference/current/pools","/reference/install/self-hosted/configuring-injectors/"
"/enterprise/self-hosted/reference/current/pools/pools","/reference/install/self-hosted/configuring-injectors/pools/"
"/enterprise/self-hosted/reference/current/pools/on-premises","/reference/install/self-hosted/configuring-injectors/on-premises/"
"/enterprise/self-hosted/reference/current/pools/aws","/reference/install/self-hosted/configuring-injectors/aws/"
"/enterprise/self-hosted/reference/current/pools/azure","/reference/install/self-hosted/configuring-injectors/azure/"
"/enterprise/self-hosted/reference/current/pools/gce","/reference/install/self-hosted/configuring-injectors/gce/"
"/enterprise/self-hosted/reference/current/pools/openstack","/reference/install/self-hosted/configuring-injectors/kubernetes/"
"/enterprise/self-hosted/reference/current/pools/kubernetes","/reference/install/self-hosted/configuring-injectors/kubernetes/"
"/enterprise/self-hosted/reference/current/plugins","/reference/extensions/"
"/enterprise/self-hosted/reference/current/plugins/github_actions","/reference/extensions/ci-cd/github-actions/"
"/enterprise/self-hosted/reference/current/plugins/gitlab_ci","/reference/extensions/ci-cd/gitlab-ci/"
"/enterprise/self-hosted/reference/current/plugins/jenkins","/reference/extensions/ci-cd/jenkins/enterprise/"
"/enterprise/self-hosted/reference/current/plugins/azure_devops","/reference/extensions/ci-cd/azure-devops/"
"/enterprise/self-hosted/reference/current/plugins/teamcity","/reference/extensions/ci-cd/teamcity/"
"/enterprise/self-hosted/reference/current/plugins/bamboo","/reference/extensions/ci-cd/bamboo/"
"/enterprise/self-hosted/reference/current/plugins/script","/reference/extensions/ci-cd/other/"
"/enterprise/self-hosted/reference/current/plugins/grafana","/reference/extensions/grafana/"
"/enterprise/self-hosted/reference/current/release","/release-notes/self-hosted/"
"/enterprise/self-hosted/reference/current/release/release-notes","/release-notes/self-hosted/"
"/enterprise/self-hosted/reference/current/release/highlight-1-19","/release-notes/self-hosted/1.19/"
"/enterprise/self-hosted/reference/current/release/highlight-1-18","/release-notes/self-hosted/1.18/"
"/enterprise/self-hosted/reference/current/release/highlight-1-17","/release-notes/self-hosted/1.17/"
"/enterprise/self-hosted/reference/current/release/highlight-1-16","/release-notes/self-hosted/1.16/"
"/enterprise/self-hosted/reference/current/release/highlight-1-15","/release-notes/self-hosted/1.15/"
"/enterprise/self-hosted/reference/current/release/highlight-1-14","/release-notes/self-hosted/1.14/"
"/enterprise/self-hosted/reference/current/release/highlight-1-13","/release-notes/self-hosted/1.13/"
"/enterprise/self-hosted/reference/current/release/highlight-1-12","/release-notes/self-hosted/1.12/"
"/enterprise/cloud","/"
"/enterprise/cloud/tutorials","/tutorials/"
"/enterprise/cloud/tutorials/getting-started","/tutorials/quickstart/"
"/enterprise/cloud/tutorials/no-code","/tutorials/quickstart/"
"/enterprise/cloud/reference","/reference/execute/cloud/"
"/enterprise/cloud/reference/user","/reference/execute/cloud/user/"
"/enterprise/cloud/reference/user/login","/reference/execute/cloud/user/login/"
"/enterprise/cloud/reference/user/overview","/reference/execute/cloud/user/overview/"
"/enterprise/cloud/reference/user/profile","/reference/execute/cloud/user/profile/"
"/enterprise/cloud/reference/user/package_gen","/reference/execute/cloud/user/package-gen/"
"/enterprise/cloud/reference/user/package_conf","/reference/execute/cloud/user/package-conf/"
"/enterprise/cloud/reference/user/simulations","/reference/execute/cloud/user/simulations/"
"/enterprise/cloud/reference/user/dedicated_ips","/reference/execute/cloud/user/dedicated-ips/"
"/enterprise/cloud/reference/user/trends","/reference/stats/trends/cloud/"
"/enterprise/cloud/reference/user/reports","/reference/stats/reports/cloud/"
"/enterprise/cloud/reference/user/organizations","/reference/execute/cloud/user/organizations/"
"/enterprise/cloud/reference/user/api","/reference/execute/cloud/user/api/"
"/enterprise/cloud/reference/user/about","/reference/execute/cloud/user/about/"
"/enterprise/cloud/reference/user/help","/reference/execute/cloud/user/help/"

"/enterprise/cloud/reference/admin","/reference/execute/cloud/admin/"
"/enterprise/cloud/reference/admin/users","/reference/execute/cloud/admin/users/"
"/enterprise/cloud/reference/admin/teams","/reference/execute/cloud/admin/teams/"
"/enterprise/cloud/reference/admin/private_locations","/reference/install/cloud/"
"/enterprise/cloud/reference/admin/private_locations/introduction","/reference/install/cloud/introduction/"
"/enterprise/cloud/reference/admin/private_locations/aws","/reference/install/cloud/aws/"
"/enterprise/cloud/reference/admin/private_locations/aws/installation","/reference/install/cloud/aws/installation/"
"/enterprise/cloud/reference/admin/private_locations/aws/configuration","/reference/install/cloud/aws/configuration/"
"/enterprise/cloud/reference/admin/private_locations/azure","/reference/install/cloud/azure/"
"/enterprise/cloud/reference/admin/private_locations/azure/installation","/reference/install/cloud/azure/installation/"
"/enterprise/cloud/reference/admin/private_locations/azure/configuration","/reference/install/cloud/azure/configuration/"
"/enterprise/cloud/reference/admin/private_locations/gcp","/reference/install/cloud/gcp/"
"/enterprise/cloud/reference/admin/private_locations/gcp/installation","/reference/install/cloud/gcp/installation/"
"/enterprise/cloud/reference/admin/private_locations/gcp/configuration","/reference/install/cloud/gcp/configuration/"
"/enterprise/cloud/reference/admin/private_locations/kubernetes","/reference/install/cloud/kubernetes/"
"/enterprise/cloud/reference/admin/private_locations/kuberntes/installation","/reference/install/cloud/kubernetes/installation/"
"/enterprise/cloud/reference/admin/private_locations/kuberntes/configuration","/reference/install/cloud/kubernetes/configuration/"
"/enterprise/cloud/reference/admin/private_locations/dedicated","/reference/install/cloud/dedicated/"
"/enterprise/cloud/reference/admin/private_locations/dedicated/installation","/reference/install/cloud/dedicated/installation/"
"/enterprise/cloud/reference/admin/private_locations/dedicated/configuration","/reference/install/cloud/dedicated/configuration/"
"/enterprise/cloud/reference/admin/private_locations/private_packages","/reference/install/cloud/private-packages/"
"/enterprise/cloud/reference/admin/notifications","/reference/execute/cloud/admin/notifications/"
"/enterprise/cloud/reference/admin/api_tokens","/reference/execute/cloud/admin/api-tokens/"
"/enterprise/cloud/reference/admin/custom_sso","/reference/execute/cloud/admin/custom-sso/"
"/enterprise/cloud/reference/plugins","/reference/extensions/"
"/enterprise/cloud/reference/plugins/github_actions","/reference/extensions/ci-cd/github-actions/"
"/enterprise/cloud/reference/plugins/gitlab_ci","/reference/extensions/ci-cd/gitlab-ci/"
"/enterprise/cloud/reference/plugins/jenkins","/reference/extensions/ci-cd/jenkins/enterprise/"
"/enterprise/cloud/reference/plugins/azure_devops","/reference/extensions/ci-cd/azure-devops/"
"/enterprise/cloud/reference/plugins/teamcity","/reference/extensions/ci-cd/teamcity/"
"/enterprise/cloud/reference/plugins/bamboo","/reference/extensions/ci-cd/bamboo/"
"/enterprise/cloud/reference/plugins/script","/reference/extensions/ci-cd/other/"
"/enterprise/cloud/reference/plugins/grafana","/reference/extensions/grafana/"
